Instruction,Input,Output,Context,Source
Cloud Burst - Individual - Immediate,My roof is leaking badly! What should I do?,Seek immediate shelter indoors on the highest floor possible. Avoid windows and electrical equipment. Stay tuned for official updates.,"Location: [Your City], Disaster: Cloud Burst",City Emergency Services website
Immediate Need and Location,I'm trapped under debris after an earthquake! Help!,Calm down and stay still. We're on our way! Can you tell me your exact location or any visible landmarks?,"User role: Individual, Urgency: Immediate, Disaster: Earthquake, Location: Unknown",Emergency response protocol
Immediate Need and Location,My building is severely damaged and people are injured! What's the quickest way to reach us?,Send your location pin or address. We'll dispatch search and rescue teams immediately. Keep calm and prioritize safety until we arrive.,"User role: First responder, Urgency: Immediate, Disaster: Earthquake, Location: To be provided",Emergency response protocol
Immediate Need and Location,There are cracks and leaks in my apartment building after the earthquake. Is it safe to stay here?,Evacuate the building immediately and head to the designated assembly point. We'll inspect the building for structural integrity.,"User role: Individual, Urgency: Moderate, Disaster: Earthquake, Location: User's address",Building safety guidelines
Resource and Information Requests,Where can I find medical assistance for injured people after the earthquake?,"There's a field hospital set up at [location]. Additionally, mobile medical units are patrolling affected areas. Can you provide details of the injuries?","User role: First responder, Urgency: Moderate, Disaster: Earthquake, Location: City-wide",Medical resource directory
Resource and Information Requests,I'm separated from my family after the earthquake. How can I find them?,Head to the designated family reunification center at [location]. You can also register on the emergency website [link] with your contact information.,"User role: Individual, Urgency: Moderate, Disaster: Earthquake, Location: Specific area",Family reunification protocol
Resource and Information Requests,Are there any safety concerns like downed power lines or gas leaks after the earthquake?,"Yes, there are reported downed power lines and gas leaks in several areas. Stay clear of these hazards and report them immediately through the emergency hotline [number].","User role: Individual, Urgency: Moderate, Disaster: Earthquake, Location: User's area",Emergency hazard warnings
Coordination and Operations,"I'm a volunteer doctor, how can I assist with earthquake response efforts?",Thank you for your willingness to help! Please report to the volunteer coordination center at [location] for registration and deployment.,"User role: Volunteer, Urgency: Moderate, Disaster: Earthquake, Location: City-wide",Volunteer recruitment program
Coordination and Operations,We need rescue equipment and supplies for trapped victims in a collapsed building.,We're sending additional rescue teams and supplies to your location immediately. Please provide updates on the situation and any specific needs.,"User role: First responder, Urgency: Immediate, Disaster: Earthquake, Location: Specific building",Rescue resource allocation protocol
Coordination and Operations,There's a fire outbreak in an earthquake-damaged building. How can we prioritize response?,Contact the fire department immediately at [number]. We'll coordinate rescue and firefighting efforts to ensure safety and minimize damage.,"User role: First responder, Urgency: Immediate, Disaster: Earthquake and fire, Location: Specific building",Fire emergency response protocol
Post-Earthquake Concerns,My house has structural damage after the earthquake. Who can I contact for repairs and safety assessments?,Contact your local building inspector or disaster relief agency at [number]. They will assess the damage and provide guidance on repairs and safety measures.,"User role: Individual, Urgency: Moderate, Disaster: Earthquake, Location: User's home",Post-disaster recovery information
Traffic Management,"Major roads are blocked by debris, hindering rescue efforts. How can we clear them quickly?",We're deploying heavy machinery and coordinating with the transportation department to prioritize clearance for emergency vehicles. Please provide updates on blockage locations.,Traffic control and infrastructure management protocols,Disaster response plan
Utility Restoration,Power lines are down and causing sparking in affected areas. Can we safely restore power without igniting fires?,We'll need to assess the situation carefully. Consider prioritizing critical infrastructure like hospitals and communication networks. Implement temporary repairs and safety measures until full restoration is possible.,Utility emergency response and safety protocols,Power grid infrastructure manuals
Psychological Support,Many survivors are experiencing shock and anxiety after the earthquake. How can we provide mental health support?,Mobile crisis teams are deployed to affected areas. We'll also set up temporary shelters with trained counselors and volunteers. Encourage community support and communication to aid recovery.,Mental health crisis intervention protocols,Disaster relief handbook
Animal Rescue,There are trapped animals in collapsed buildings. What protocol should we follow for their rescue?,We'll coordinate with animal rescue organizations and use specialized equipment to safely reach and evacuate animals. Prioritize immediate needs and minimize further distress.,Animal rescue and disaster response protocols,Animal welfare agency guidelines
Environmental Hazards,There's a risk of landslides due to earthquake-induced instability on nearby slopes. How can we warn residents and mitigate the risk?,Evacuate residents from at-risk areas based on geological assessments. Issue public warnings and implement emergency communication channels for updates.,Natural disaster mitigation and warning protocols,Environmental hazard assessments
False Information,"False rumors and misinformation are spreading online, causing panic among survivors. How can we combat this?",Establish official communication channels and disseminate accurate information through trusted sources. Work with social media platforms to flag and remove misinformation.,Emergency communication and misinformation management protocols,Crisis communication guidebook
Language Barriers,"Some survivors don't speak the local language, hindering communication and assistance. How can we connect with them effectively?",Deploy multilingual first responders and volunteers. Utilize translation apps and visual communication aids. Prioritize basic needs and safety regardless of language barriers.,Cultural competency and disaster response protocols,Language assistance resources
Accessibility Concerns,People with disabilities face additional challenges in evacuation and accessing resources. How can we ensure their safety and inclusion?,Provide accessible evacuation routes and transportation options. Designate accessible shelters with medical and communication support. Partner with disability advocacy groups for assistance.,Disability inclusion and disaster response protocols,Accessibility guidelines for evacuation and shelters
Historical Repercussions,This region has experienced prior earthquakes with lasting infrastructure damage. How can we ensure sustainable reconstruction and prevent future vulnerability?,Implement earthquake-resistant building codes and retrofitting techniques. Conduct vulnerability assessments and prioritize critical infrastructure repairs. Promote disaster preparedness and public awareness campaigns.,Disaster risk reduction and sustainable development strategies,Post-disaster reconstruction and mitigation plans
International Aid,International rescue teams and resources are offering assistance. How can we best coordinate and utilize their support?,Establish a central coordination team for all incoming aid. Prioritize immediate needs and assess specific expertise offered by international teams. Ensure efficient integration into local response efforts.,International disaster response cooperation protocols,Emergency coordination guidelines
Collapsed building with limited visibility,We're inside a collapsed building but can't see the exit. How can we safely navigate?,Use thermal cameras to identify potential escape routes and guide you towards them. Stay low and communicate with rescuers for assistance.,Search and rescue protocol for confined spaces,Disaster response manual
Chemical leak from damaged facility,There's a chemical leak from a nearby factory after the earthquake. What are the evacuation procedures?,Implement immediate evacuation protocols for the affected area. Coordinate with hazmat teams to contain and neutralize the leak. Provide guidance on protective measures.,Chemical hazard response plan,Environmental agency guidelines
Psychological distress among survivors,Many survivors are experiencing anxiety and panic attacks after the earthquake. How can we provide emotional support?,Dispatch crisis counselors to affected areas to offer immediate counseling and de-escalation techniques. Share information on available mental health resources.,Crisis intervention protocol,Mental health association resources
Limited communication infrastructure,"Our communication channels are down, hindering coordination with rescue teams. What alternative methods can we use?",Utilize emergency radio frequencies and satellite communication devices for essential communication. Deploy designated runners for relaying information between teams.,Emergency communication protocols,Communication infrastructure disaster plan
Misinformation spreading among the public,"False information about the earthquake is circulating, causing confusion and panic. How can we combat this?",Establish a central information hub for verified updates and issue official press releases. Encourage fact-checking and promote reliable news sources.,Crisis communication strategy,Public information dissemination guidelines
Vulnerable populations trapped in inaccessible locations,Elderly residents are trapped on upper floors of damaged buildings. How can we safely rescue them?,Utilize specialized rescue equipment like cherry pickers and stair climbers to reach higher levels. Prioritize vulnerable individuals and ensure proper medical support.,Accessible rescue protocols,Disability resource guide
Limited medical supplies for treating injuries,We have limited medical supplies to treat earthquake injuries. How can we prioritize care and resource allocation?,Implement triage protocols to categorize patients based on injury severity. Utilize resource sharing networks to acquire additional medical supplies from unaffected areas.,Medical resource triage guidelines,Emergency medical supply network directory
False alarms from damaged security systems,"Security systems are triggering false alarms due to earthquake damage, hindering response efforts. How can we differentiate them?",Identify specific patterns and frequencies associated with false alarms. Utilize visual confirmation and manual override mechanisms to avoid wasted resources.,Security system disaster protocol,Building security manual
Looting and resource scarcity in affected areas,There are reports of looting and increasing tension due to resource scarcity. How can we maintain order and ensure equitable distribution?,Deploy security personnel and establish clear guidelines for resource allocation. Encourage community collaboration and share information on available supplies.,Disaster security and resource management plan,Community policing handbook
Animal safety and rescue concerns,Injured and displaced animals are in need of assistance. How can we integrate animal rescue into the response efforts?,Coordinate with animal control teams and volunteer organizations for animal rescue and relocation. Provide guidance on animal care and safety protocols.,Animal rescue and care guidelines,Animal welfare organization directory
Appointment Booking,I need to book an appointment with Dr. Smith.,Would you like to schedule an appointment online or over the phone? (Image of online booking portal and phone number),Patient name: John Doe,Hospital website and phone directory
Urgent Care Request,My child has a high fever and vomiting. What should I do?,Please call our urgent care hotline at [number] immediately. A nurse will assess the situation and guide you further. (Image of urgent care hotline phone number),Patient age: 5 years,Hospital emergency protocols
Prescription Refill,I need to refill my prescription for medication X.,"Please provide your name, medication name, and doctor who prescribed it. We can then process the refill request and notify you when it's ready. (Image of prescription refill form)",Medication name: XYZ,Hospital pharmacy system
Symptom Checker,I have a sore throat and cough. Could it be the flu?,"While I can't diagnose illnesses, I can provide information about flu symptoms and suggest contacting your doctor if symptoms worsen. (Image of symptom checker flowchart)","Symptoms: sore throat, cough",Medical information website
Billing Inquiry,I have a question about my recent hospital bill.,"Please provide your account number or patient name, and I'll connect you with our billing department. (Image of hospital bill with account number highlighted)",Account number: 12345,Hospital billing department contact information
Operating Hours,What are your operating hours for the radiology department?,"The radiology department is open from Monday to Friday, 8:00 AM to 5:00 PM. You can also schedule appointments online or by phone. (Image of hospital schedule with radiology department hours highlighted)",Department: Radiology,Hospital website and schedule
Insurance Coverage,Does my insurance cover my upcoming surgery?,"I'm not able to provide specific insurance information, but I recommend contacting your insurance provider directly to confirm coverage details. (Image of insurance company logo)",Insurance company: ABC Insurance,Hospital insurance policy guidelines
Patient Feedback,I had a positive experience with Dr. Jones. How can I leave feedback?,"We appreciate your feedback! You can leave a review on our website, social media pages, or through our patient satisfaction survey. (Image of patient satisfaction survey form)",Doctor: Dr. Jones,Hospital feedback channels
Location and Directions,How do I get to the hospital from [location]?,I can provide you with directions via Google Maps. Would you like me to send them to your phone? (Image of Google Maps with hospital location highlighted),Starting location: [location],Hospital website and map integration
Hospital Amenities,Does the hospital have a cafeteria?,"Yes, we have a cafeteria on the first floor that serves hot meals and snacks throughout the day. (Image of hospital cafeteria with food options)",Hospital amenities list,Hospital website and map integration
Arrival and Registration:,"New volunteer: ""Hi, I'm here to volunteer!""","""Welcome! Please register at the table over there. We'll get you started with an orientation and assign you a role based on your skills and preferences.""",Volunteer registration process,Camp volunteer handbook
Arrival and Registration:,"Volunteer: ""Where do I help with food distribution?""","""Head to the kitchen tent! We're packing meals for families in the shelter. Just ask the team leader for instructions.""",Food distribution procedures,Camp layout map
Arrival and Registration:,"Volunteer: ""I have some medical training. Can I help in the clinic?""","""Thank you for offering your expertise! Please report to the nurse in charge at the medical tent. They'll assess your skills and assign you duties.""",Medical volunteer deployment,Camp medical protocols
Arrival and Registration:,"Volunteer: ""What do I do to help families settling into the shelter?""","""You can help with registration, provide comfort items, and answer their questions. Just ask the shelter coordinator for specific tasks.""",Shelter management procedures,Camp volunteer handbook
Translation Services:,"Volunteer: ""I speak [language]. Can I help with language barriers?""","""Absolutely! Please report to the communication coordinator. They'll connect you with people who need translation assistance, especially in the medical and shelter areas.""",Language assistance needs,Camp volunteer handbook
Psychological Support:,"Volunteer: ""I'm a mental health counselor. How can I help survivors?""","""Thank you for offering your support! We have a team of counselors offering individual and group sessions. You can join them or help organize activities that promote mental well-being.""",Mental health support resources,Camp mental health protocols
Donations Management:,"Volunteer: ""Where do I sort donated supplies?""","""Head to the sorting tent! We're organizing clothing, food, and hygiene items for distribution. Just ask the team leader for specific instructions.""",Donations management procedures,Camp volunteer handbook
Childcare Services:,"Volunteer: ""Can I help watch children while parents attend to other needs?""","""Yes, please! We have a childcare tent with activities and games. Just ask the childcare coordinator for guidelines and safety procedures.""",Childcare services in the camp,Camp volunteer handbook
Information Dissemination:,"Volunteer: ""How can I help keep people informed about camp updates?""","""You can help with bulletin board updates, announcements in common areas, and translating information for non-native speakers. Speak with the communication coordinator for specific tasks.""",Information dissemination procedures,Camp communication plan
Community Building:,"Volunteer: ""I want to help survivors feel connected and supported.""","""We have several activities planned, like movie nights, games, and music sessions. You can join in, lead activities, or simply offer a friendly ear to those in need.""",Community building initiatives,Camp volunteer handbook
Shelter Availability:,"Individual: ""I'm looking for a safe place to stay. Do you have any tents available?""","""Yes, we have tents available for individuals and families. Please register at the reception desk, and we'll assign you a tent.""","User role: Individual, Urgency: Immediate",Camp registration system
Food and Water:,"Family: ""We haven't eaten since the earthquake. Where can we get food and water?""","""There's a food distribution point just outside the main tent. We're also providing bottled water at the water stations. Please follow the signs.""","User role: Family, Urgency: Immediate",Camp food and water distribution plan
Medical Assistance:,"Individual: ""I have a minor injury from the earthquake. Can I see a doctor here?""","""Yes, we have a medical tent with doctors and nurses available. Please head there and they'll assist you.""","User role: Individual, Urgency: Moderate",Camp medical services plan
Missing Family Member:,"Family: ""My child is missing after the earthquake. Can you help us find them?""","""We're so sorry to hear that. Please file a missing persons report at the information desk. We have a family reunification center where you can wait for updates.""","User role: Family, Urgency: Immediate",Camp missing persons protocol
Clothing and Supplies:,"Individual: ""I lost all my belongings in the earthquake. Do you have any clothes or supplies I can take?""","""We have a donation tent where you can find clothing, blankets, and other essential supplies. Please let us know if you need anything specific.""","User role: Individual, Urgency: Moderate",Camp donation management system
Mental Health Support:,"Individual: ""I'm feeling overwhelmed and anxious after the earthquake. Can I talk to someone?""","""We have a team of counselors available to provide mental health support. Please visit the counseling tent or talk to any volunteer for assistance.""","User role: Individual, Urgency: Moderate",Camp mental health support program
Volunteering Opportunities:,"Individual: ""I want to help with the relief efforts. What can I do?""","""Thank you for your willingness to help! We have volunteer opportunities in various areas like food distribution, registration, and cleaning. Please visit the volunteer coordination tent for more information.""","User role: Individual, Urgency: Moderate",Camp volunteer recruitment program
Safety and Security:,"Family: ""I'm worried about safety at the camp. Is there security here?""","""Yes, we have security personnel patrolling the camp 24/7. Please report any concerns to the security office or any volunteer.""","User role: Family, Urgency: Moderate",Camp security protocol
News and Updates:,"Individual: ""Where can I get updates about the earthquake and recovery efforts?""","""We have an information board with updates posted regularly. You can also ask any volunteer for information or listen to announcements on the camp loudspeaker.""","User role: Individual, Urgency: Moderate",Camp communication and information dissemination plan
Charging Stations:,"Individual: ""My phone battery is dead. Do you have any charging stations?""","""Yes, we have charging stations available in the main tent and near the food distribution point. Please bring your own charging cable.""","User role: Individual, Urgency: Moderate",Camp power supply and charging facilities
,I lost my family in the flood. Where can I find them?,We have resources to help reunite families. Please provide your family's names and any identifying information like birthmarks or clothing descriptions. We can also connect you with support groups for displaced families.,,"Camp registration office, social workers, flyers with family reunification information"
,I need medical attention for my injured child.,A medical tent is located right at the entrance. Our volunteer doctors and nurses can provide immediate care.,,"Signage inside the camp, information desk"
,I don't have any documents. What can I do for food and shelter?,"You are still welcome here. Registration is encouraged but not mandatory for basic needs. Head to the food distribution tents, and our team will be happy to accommodate you.",,"Camp announcements, information brochures in multiple languages"
,Is the water here safe to drink?,Boiled water distribution points are located throughout the camp. Please avoid drinking directly from the floodwaters.,,"Posters near water stations, volunteers with information leaflets"
,I'm worried about sanitation facilities. Where can I use the restroom?,Portable toilets are located at designated areas in the camp. We are working to improve sanitation facilities as quickly as possible.,,"Camp map, volunteers directing people to facilities"
,How can I get in touch with my loved ones outside the camp?,A charging station with limited phone access is available near the information desk. You can also write messages on our community board to be displayed publicly.,,"Camp announcements, designated charging area with instructions"
,I have valuable skills like carpentry or electrical work. How can I help?,We appreciate your willingness to contribute! Please register at the volunteer coordination tent. We have opportunities for various skills to rebuild and maintain the camp facilities.,,"Volunteer registration forms, camp announcements"
,I'm feeling traumatized and need emotional support.,Our team of trained counselors is available 24/7 to provide emotional support and group therapy sessions. You can find them at the designated support tent.,,"Camp map, volunteers with mental health information pamphlets"
,I'm worried about my future and livelihood. What resources are available?,"Government and aid agencies are offering various assistance programs. Visit the information desk for details on financial aid, employment opportunities, and housing options.",,"Government agency brochures, camp announcements"
,I want to donate supplies and money. How can I help?,We appreciate your generosity! A list of needed items and donation channels is available at the information desk. You can also donate online through our organization's website.,,"Donation boxes with clear instructions, website address displayed prominently"
,I lost important documents in the flood. What can I do?,A government representative is available at the camp to assist with obtaining duplicate identification documents and other essential paperwork. Visit the information desk for more information.,,"Camp announcements, dedicated government liaison in the camp"
,How will I know when it's safe to return home?,Official updates on floodwater levels and safety assessments are announced regularly. Please listen to camp announcements and stay informed through designated information channels.,,"Camp loudspeaker system, information boards with updates"
,I'm concerned about the spread of diseases in the camp.,"The camp team is taking preventive measures to ensure hygiene and sanitation. Please follow instructions regarding handwashing, waste disposal, and reporting any illnesses to medical personnel.",,"Camp announcements, hygiene posters placed strategically"
,I want to thank the volunteers and responders for their help.,We appreciate your kind words! Your gratitude motivates us to keep working hard. Don't hesitate to share your feedback or suggestions with the camp management team.,,"Feedback box, designated communication channels for camp management"
Register for camp,Documents needed,"Valid ID, proof of residence, medical documents (family documents if applicable)",,Camp registration desk or official website
Find missing child,Child's description,"Visit family reunification center, post information on lost and found board",,Camp information desk or child welfare volunteers
Dietary restrictions,Type of food available,"Inform volunteers, they will guide you to appropriate options",,Camp kitchen or dietary needs volunteer
Clean water and sanitation,Options available,"Bottled water, purification areas, designated toilets and handwashing stations",,Camp water distribution or sanitation volunteers
Lost essential belongings,Replacements available,"Limited supply of clothing, blankets, hygiene kits (visit relief distribution center)",,Camp relief distribution center
Medical attention,Where to get it,On-site clinic staffed by doctors and nurses (emergency cases prioritized),,Camp medical clinic or volunteers
Mental health support,Available resources,"Trained counselors at counseling tent, ask any volunteer for assistance",,Camp counseling tent or mental health volunteers
Contact family outside,Communication options,Designated center with phone lines and internet access (mobile phone if network coverage),,Camp communication center or volunteers
Home safety after flood,Information about damage,Check information desk or notice boards for updates,,Camp information desk or government officials
Volunteer for relief efforts,How to get involved,"Visit volunteer registration desk, indicate skills and interests",,Camp volunteer registration desk
Community's long-term recovery,Available support,Government/NGO representatives provide information on resources and programs,,Camp information desk or government/NGO representatives
Donate to relief efforts,How to contribute,"Cash, online platforms, specific needed items (information at desk or website)",,Camp information desk or donation volunteers
Damaged documents,Replacement or repair,"Limited repair resources, consult information desk or government officials for replacement processes",,Camp information desk or government officials
Feeling overwhelmed,Who to talk to,"Any volunteer, camp staff member, or counselor (support and answer questions)",,"Any camp staff member, volunteer, or counselor"
- Register for camp,"- Name, ID, residence proof",- Registered at camp,Registration & Information,- Camp registration desk
- Get flood updates,"- Area affected, severity",- Updated information on affected areas,Registration & Information,"- Camp information desk, government website"
- Access food and water,"- Dietary restrictions, allergies",- Provided with appropriate meals and water,Basic Needs & Services,"- Camp kitchen, water distribution volunteers"
- Access shelter and essentials,"- Family size, medical needs","- Assigned to appropriate shelter, provided with essential items",Basic Needs & Services,"- Camp volunteers, relief distribution center"
- Access sanitation facilities,- Location of facilities,- Maintained hygiene standards in the camp,Basic Needs & Services,"- Sanitation volunteers, camp management"
- Access medical care,"- Symptoms, medical history",- Treated for medical conditions,Medical & Mental Health,"- Camp medical clinic, first responders"
- Access mental health support,"- Emotional state, concerns","- Referred to counseling services, provided with coping mechanisms",Medical & Mental Health,"- Camp counseling tent, mental health volunteers"
- Locate missing family members,"- Description of family members, last contact","- Reunited with family, provided with communication resources",Family & Communication,"- Family reunification center, communication center volunteers"
- Make phone calls or use internet,"- Contact information, network availability","- Connected with family, access to communication resources",,"- Communication center, mobile network providers"
- Get safety updates for specific areas,"- Location of home, damage reports","- Informed about safety risks, provided with guidance on returning home",Safety & Recovery,"- Government officials, camp information desk"
- Access recovery assistance,"- Extent of loss, needs assessment","- Referred to government aid programs, NGOs, donation centers",Safety & Recovery,
- Volunteer for relief efforts,- Skills and interests,"- Assigned to relevant tasks, contributing to relief efforts",Safety & Recovery,"- Volunteer registration desk, camp coordinators"